{
  "planetDataDayCount": -864.5,
  "Planets": {
    "Mercury": {
      "radius": 1.6308,
      "i": 7.00507,
      "o": 48.3339,
      "p": 77.45399999999999,
      "a": 0.3870978,
      "n": 4.092353,
      "e": 0.2056324,
      "L": 314.42369
    },
    "Venus": {
      "radius": 4.0454,
      "i" : 3.39472,
      "o" : 76.6889,
      "p" : 131.761,
      "a" : 0.7233238,
      "n" : 1.602158,
      "e" : 0.0067933,
      "L" : 236.94045
    },
    "Earth": {
      "radius": 4.2563639,
      "i" : 0.00041,
      "o" : 349.2,
      "p" : 102.8517,
      "a" : 1.00002,
      "n" : 0.9855796,
      "e" : 0.0166967,
      "L" : 328.40353
    },
    "Mars": {
      "radius": 2.263,
      "i" : 1.84992,
      "o" : 49.5664,
      "p" : 336.0882,
      "a" : 1.5236365,
      "n" : 0.5240613,
      "e" : 0.0934231,
      "L" : 262.42784
    },
    "Jupiter": {
      "radius": 46.239,
      "i" : 1.30463,
      "o" : 100.4713,
      "p" : 15.6978,
      "a" : 5.202597,
      "n" : 0.08309618000000001,
      "e" : 0.0484646,
      "L" : 322.55983
    },
    "Saturn": {
      "radius": 38.313,
      "i" : 2.48524,
      "o" : 113.6358,
      "p" : 88.863,
      "a" : 9.571899999999999,
      "n" : 0.03328656,
      "e" : 0.0531651,
      "L" : 20.95759
    },
    "Uranus": {
      "radius": 16.889,
      "i" : 0.77343,
      "o" : 74.0954,
      "p" : 175.6807,
      "a" : 19.30181,
      "n" : 0.01162295,
      "e" : 0.0428959,
      "L" : 303.18967
    },
    "Neptune": {
      "radius": 16.412,
      "i" : 1.7681,
      "o" : 131.7925,
      "p" : 7.206,
      "a" : 30.26664,
      "n" : 0.005919282,
      "e" : 0.0102981,
      "L" : 299.8641
    },
    "Pluto": {
      "radius": 0.7841,
      "i" : 17.12137,
      "o" : 110.3833,
      "p" : 224.8025,
      "a" : 39.5804,
      "n" : 0.003958072,
      "e" : 0.2501272,
      "L" : 235.7656
    }
  }
}
